<keymap version="1" name="Default for macOS copy" parent="Mac OS X 10.5+">
  <action id="ChangeSignature">
    <keyboard-shortcut first-keystroke="meta f6" />
    <keyboard-shortcut first-keystroke="ctrl c" />
  </action>
  <action id="CloseProject">
    <keyboard-shortcut first-keystroke="alt q" />
  </action>
  <action id="ReformatCode">
    <keyboard-shortcut first-keystroke="ctrl meta l" />
  </action>
  <action id="RenameElement">
    <keyboard-shortcut first-keystroke="ctrl c" />
  </action>
  <action id="Rerun">
    <keyboard-shortcut first-keystroke="meta r" />
    <keyboard-shortcut first-keystroke="ctrl r" />
  </action>
  <action id="Run" />
  <action id="Scala.ShowImplicits">
    <keyboard-shortcut first-keystroke="shift ctrl alt equals" />
    <keyboard-shortcut first-keystroke="shift ctrl alt add" />
  </action>
</keymap>