<application>
  <component name="FileTypeManager" version="17">
    <extensionMap>
      <mapping pattern="run" type="Bash" />
      <mapping pattern="dev-environment" type="Bash" />
      <mapping pattern="package" type="Bash" />
      <mapping pattern="_promote" type="Bash" />
      <mapping pattern="*.js.flow" type="Flow" />
      <mapping pattern="*.js.flow" type="Flow" />
      <removed_mapping ext="mustache" approved="true" type="Handlebars/Mustache" />
      <mapping ext="gradle.kts" type="Kotlin" />
      <mapping pattern="encrypted_prod_params" type="PLAIN_TEXT" />
      <removed_mapping ext="log" approved="true" type="PLAIN_TEXT" />
      <removed_mapping ext="bat" approved="true" type="PLAIN_TEXT" />
      <removed_mapping ext="cmd" approved="true" type="PLAIN_TEXT" />
      <mapping pattern="pz-h" type="Python" />
      <mapping pattern="breakable" type="Python" />
      <mapping pattern="helper" type="Ruby" />
      <mapping ext="mustache" type="SQL" />
      <mapping ext="dtsx" type="XML" />
      <removed_mapping ext="bat" approved="true" type="PLAIN_TEXT" />
      <removed_mapping ext="log" approved="true" type="PLAIN_TEXT" />
      <removed_mapping ext="dockerfile" approved="true" type="textmate" />
      <removed_mapping ext="makefile" approved="true" type="textmate" />
      <removed_mapping ext="cmd" approved="true" type="PLAIN_TEXT" />
      <removed_mapping ext="snakefile" approved="true" type="textmate" />
      <removed_mapping ext="mustache" approved="true" type="Handlebars/Mustache" />
    </extensionMap>
  </component>
</application>