<application>
  <component name="PathMacrosImpl">
    <macro name="APP_VERSION" value="dev" />
    <macro name="ENTITLEMENT_API_HOST" value="localhost:9292" />
    <macro name="KOTLIN_BUNDLED" value="/Applications/IntelliJ IDEA.app/Contents/plugins/Kotlin/kotlinc" />
    <macro name="MAVEN_REPOSITORY" value="/Users/sufendy.sufendy/.m2/repository" />
    <macro name="POSTGRES_DB" value="campaign_api" />
    <macro name="POSTGRES_HOST" value="localhost" />
    <macro name="POSTGRES_PASSWORD" value="campaign_password" />
    <macro name="POSTGRES_USER" value="campaign_user" />
    <macro name="PYTHONPATH" value="/app/dags:$PYTHONPATH" />
  </component>
</application>